Top consultas,Cliques,Impressões,CTR,Posição
indicadores econômicos hoje,3,110,2.73%,13.39
cdi abril 2026,1,6,16.67%,11.5
cdi de maio 2026,1,2,50%,17
taxa referencial tr abril 2026 valor,0,89,0%,8.44
incc ultimos 10 anos,0,83,0%,7.18
taxa referencial tr abril 2026 valor mensal,0,59,0%,9.34
cdi hoje,0,59,0%,70.44
taxa referencial tr abril 2026 banco central,0,57,0%,7.95
incc-di hoje,0,51,0%,17.31
tr taxa referencial abril 2026 banco central,0,36,0%,7.92
tabela ipa-m,0,35,0%,13.74
taxa tr atual brasil 2026,0,33,0%,8.97
taxa referencial tr atual 2026,0,33,0%,9.18
inflação hoje,0,33,0%,49.09
taxa cdi hoje,0,32,0%,69.62
tr taxa referencial abril 2026 valor,0,31,0%,8.71
ipc fipe,0,30,0%,34.93
tr taxa referencial valor atual 2026,0,29,0%,10.76
taxa do cdi,0,28,0%,84.25
taxa referencial tr atual brasil 2026,0,27,0%,8.15
cdi mensal,0,27,0%,76.81
taxa cdi,0,26,0%,85.23
tabela de igpm 2026,0,25,0%,8.2
ipa-m,0,25,0%,9.56
inpc hoje,0,25,0%,39.32
incc grafico,0,24,0%,5.54
tr taxa referencial atual 2026,0,24,0%,8.75
"taxa cdi abril 2026 14,65",0,24,0%,9.25
cdi atual,0,22,0%,68.5
igpm,0,22,0%,72.64
tr taxa referencial abril 2026 valor mensal,0,21,0%,10.43
incc 10,0,21,0%,18.14
tr acumulada 12 meses abril 2026 banco central,0,20,0%,8.7
cdi atual brasil maio 2026,0,20,0%,9
selic acumulada,0,20,0%,59.6
cdi de abril 2026,0,19,0%,9.58
cdi taxa,0,19,0%,86.05
taxa cdi hoje abril 2026 brasil,0,18,0%,9.11
valor cdi hoje,0,18,0%,64.17
valor do cdi hoje,0,18,0%,66.89
banco central tr abril 2026 taxa referencial,0,17,0%,5
historico cdi,0,17,0%,61.06
valor do cdi,0,17,0%,71.12
"taxa cdi abril 2026 14,65%",0,15,0%,8.33
ipa m,0,15,0%,12.87
igpm mes de abril 2026,0,15,0%,13
ipca hoje,0,15,0%,46.47
banco central cdi taxa 2026,0,14,0%,9.07
tr hoje,0,14,0%,50.43
cdi hj,0,14,0%,68.36
taxa referencial tr atual abril 2026 banco central,0,13,0%,7.69
taxa referencial tr hoje abril 2026 valor,0,13,0%,9
cdi mes abril 2026,0,13,0%,9.92
igp m,0,13,0%,66.46
quanto ta o cdi hoje,0,13,0%,71.54
"cdi hoje abril 2026 14,65%",0,12,0%,8.42
cdi acumulado 12 meses abril 2026,0,12,0%,9.08
taxa referencial tr hoje abril 2026 valor mensal,0,12,0%,9.17
taxa referencial tr maio 2026 valor,0,12,0%,9.33
taxa referencial tr maio 2026 valor mensal,0,12,0%,10
igpm mes maio 2026,0,12,0%,13
incc-10,0,12,0%,22.83
incc di hoje,0,12,0%,27.25
igp-di histórico,0,12,0%,45.58
taxa di hoje,0,12,0%,63.08
indice ipc fipe,0,12,0%,66.25
quanto esta o cdi,0,12,0%,67.92
igp-di,0,12,0%,70.75
cdi valor,0,12,0%,73
valor cdi,0,12,0%,73.83
tabela incc ultimos 10 anos,0,11,0%,7.36
tr taxa referencial 2026 abril valor,0,11,0%,7.91
taxa referencial abril 2026 banco central,0,11,0%,8
cdi atual brasil 2026,0,11,0%,8.55
tr atual brasil 2026,0,11,0%,8.73
igp-m,0,11,0%,62.27
quanto está o cdi hoje,0,11,0%,65.82
taxa do cdi hoje,0,11,0%,72.55
taxa cdi atual abril 2026 brasil,0,10,0%,7.6
taxa cdi abril 2026 brasil,0,10,0%,8
taxa referencial abril 2026,0,10,0%,8.1
"taxa di cetip 28/05/2026 14,40",0,10,0%,9
incc 10 anos,0,10,0%,10
ipc fipe acumulado,0,10,0%,27.6
ipc-fipe acumulado,0,10,0%,41.3
valor da tr,0,10,0%,66.6
qual o valor do cdi hoje,0,10,0%,67
cdi taxa hoje,0,10,0%,68.3
cdi acumulado,0,10,0%,75.1
taxa referencial tr abril 2026,0,9,0%,6.78
banco central tr taxa referencial abril 2026,0,9,0%,6.89
taxa referencial tr atual valor 2026,0,9,0%,8.44
ipca tabela 2026,0,9,0%,12
inpc acumulado 2020,0,9,0%,12.33
igpm mes abril 2026,0,9,0%,12.67
incc hoje,0,9,0%,32.11
igp10,0,9,0%,47.33
igp di acumulado,0,9,0%,50.67
tabela inpc,0,9,0%,52.67
indices economicos,0,9,0%,64.44
selic atual,0,9,0%,69.89
indice igp di,0,9,0%,75.44
cdi atual abril 2026 brasil,0,8,0%,7.38
cdi acumulado abril 2026 brasil,0,8,0%,8
valor atual tr taxa referencial brasil 2026,0,8,0%,8.5
índices econômicos hoje,0,8,0%,29.5
igp-di acumulado,0,8,0%,31.88
indices da construção civil,0,8,0%,52.5
tabela do inpc,0,8,0%,56.38
cdi ultimos 12 meses,0,8,0%,64.5
tabela igpm aluguel,0,8,0%,66.5
tabela selic acumulada,0,8,0%,67.5
cdi 2025,0,8,0%,67.88
qual a taxa do cdi hoje,0,8,0%,69.62
selic e cdi hoje,0,8,0%,74.88
tr acumulada 12 meses abril 2026,0,7,0%,8
cdi abril 2026 brasil,0,7,0%,9.14
"taxa di 23/02/2026 14,65",0,7,0%,9.43
"taxa cdi abril 2026 14,65% a.a.",0,7,0%,9.57
incc historico 10 anos,0,7,0%,10
banco central sgs 4390 selic acumulada no mês,0,7,0%,10.29
inpc de hoje,0,7,0%,11.71
tabela do igpm 2026,0,7,0%,12.86
ipc acumulado,0,7,0%,23.43
inpc 2020,0,7,0%,33
ipca e selic hoje,0,7,0%,49.14
taxa referencial hoje,0,7,0%,55.29
cdi 2022,0,7,0%,59
inpc atualizado,0,7,0%,62.43
cdi hoje 2025,0,7,0%,63.43
cotação cdi mensal,0,7,0%,72.14
indice tr,0,7,0%,75.71
histórico incc últimos 10 anos,0,6,0%,9
ipa 10,0,6,0%,9
sgs 12 taxa cdi cetip,0,6,0%,9.17
taxa cdi atual brasil 2026,0,6,0%,9.5
taxa referencial tr atual 2026 brasil,0,6,0%,9.5
taxa referencial tr hoje abril 2026,0,6,0%,9.5
"cdi abril 2026 14,65",0,6,0%,9.83
taxa cdi hoje abril 2026 anualizada,0,6,0%,10.5
igpm tabela 2026,0,6,0%,10.83
taxa cdi hoje abril 2026,0,6,0%,11.33
taxa cdi abril 2026,0,6,0%,12.33
cdi em abril 2026,0,6,0%,14.83
indicadores economicos hoje,0,6,0%,25.5
indices economicos hoje,0,6,0%,33.33
qual o valor da tr hoje,0,6,0%,48.67
taxa cdi mensal banco central,0,6,0%,50.17
cdi hoje 2021,0,6,0%,53.83
ipca atual,0,6,0%,60
cdi novembro,0,6,0%,63.17
taxa selic acumulada,0,6,0%,67.5
tabela ipca,0,6,0%,67.83
cdi 2021,0,6,0%,69
quanto está o cdi,0,6,0%,69.33
taxa de cdi hoje,0,6,0%,70
taxa cdi mensal,0,6,0%,70.17
qual o valor do cdi,0,6,0%,77
juros selic,0,6,0%,77.5
indice do inpc,0,6,0%,84.83
indice cdi,0,6,0%,88.83
tr taxa referencial atual abril 2026,0,5,0%,6
cdi taxa atual abril 2026 brasil,0,5,0%,6.4
incc últimos 10 anos,0,5,0%,6.6
selic acumulada abril 2026,0,5,0%,7.2
cdi acumulado 2026 abril,0,5,0%,8.4
"taxa cdi hoje abril 2026 14,7%",0,5,0%,8.4
tr taxa referencial hoje 2026,0,5,0%,9.4
taxa tr atual 2026 brasil,0,5,0%,9.8
cdi atual hoje 2026,0,5,0%,10
cdi acumulado 12 meses abril 2026 brasil,0,5,0%,10.4
cdi abril 2026 taxa mensal,0,5,0%,10.8
inpc histórico,0,5,0%,16.2
grafico tabela fipe,0,5,0%,22.4
inpc acumulado,0,5,0%,44.4
tabela índice igp-m,0,5,0%,47.2
tabela igp-m,0,5,0%,50
igpm fevereiro 2026,0,5,0%,55.2
cdi abril 2025,0,5,0%,56
indice de igpm,0,5,0%,59.8
indice igpm 2022,0,5,0%,60.6
cdi 12 meses,0,5,0%,60.8
tabela cdi,0,5,0%,63.8
taxa selic tabela,0,5,0%,67.2
qual valor do cdi hoje,0,5,0%,67.8
cdi 2024,0,5,0%,68.6
indice cdi mensal,0,5,0%,71
igpm janeiro 2026,0,5,0%,71.6
cdi brasil,0,5,0%,75.2
índice ipca,0,5,0%,76.8
taxa de cdi,0,5,0%,84.8
sgs 4189 meta selic,0,4,0%,5.5
incc dos últimos 10 anos,0,4,0%,7.25
cdi acumulado 2026 ytd,0,4,0%,7.5
taxa cdi atual brasil abril 2026,0,4,0%,7.5
sgs 4189 selic meta,0,4,0%,7.75
"cdi hoje abril 2026 14,65",0,4,0%,8
valor tr atual brasil 2026,0,4,0%,8.25
taxa referencial tr acumulada 12 meses abril 2026,0,4,0%,8.5
sgs 4390 selic acumulada no mês,0,4,0%,9
cdi anual abril 2026 brasil,0,4,0%,10.25
cdi taxa 2026 brasil atual,0,4,0%,10.75
incc-m abril 2026,0,4,0%,11
"taxa cdi hoje abril 2026 14,65",0,4,0%,11
taxa referencial tr maio 2026 banco central,0,4,0%,11.25
taxa referencial tr valor atual 2026,0,4,0%,11.25
tr maio 2026 banco central taxa referencial,0,4,0%,11.25
valor cdi abril 2026,0,4,0%,12
tabela cdi banco central,0,4,0%,31
igp-di acumulado 12 meses,0,4,0%,33
tabela igpm 2026,0,4,0%,41.25
tabela igp-di,0,4,0%,42
taxa tr hoje,0,4,0%,44
igpm 2020,0,4,0%,47.75
cdi abril,0,4,0%,49
evolução igp-m,0,4,0%,49.25
tabela da tr,0,4,0%,50.25
tabela igpm,0,4,0%,50.25
igpm mensal,0,4,0%,53.25
igp-di tabela,0,4,0%,53.5
tabela de igpm,0,4,0%,56
fipe ipc,0,4,0%,58.5
igp-m acumulado,0,4,0%,58.75
igp 10,0,4,0%,59.75
igp di,0,4,0%,62.25
ipca tabela,0,4,0%,62.25
cdi mes a mes,0,4,0%,63.25
valor da selic hoje,0,4,0%,65
série histórica selic,0,4,0%,65.5
selic hoje / taxa selic acumulada,0,4,0%,65.75
ipca brasil,0,4,0%,67.75
quanto vale o cdi hoje,0,4,0%,67.75
qual a taxa cdi hoje,0,4,0%,69.75
taxa cdi atual,0,4,0%,69.75
cdi acumulado 2025,0,4,0%,70
taxa selic atual,0,4,0%,71.5
indices de inflação,0,4,0%,73.25
igmp,0,4,0%,74
ipca-e,0,4,0%,75.25
rentabilidade cdi,0,4,0%,83
taxa tr,0,4,0%,88.25
"cdi anualizado abril 2026 14,65",0,3,0%,2
"taxa cdi anualizada abril 2026 14,65",0,3,0%,4.67
tr taxa referencial hoje abril 2026,0,3,0%,6.67
incc dos ultimos 10 anos,0,3,0%,7.33
taxa cdi hoje 2026 abril,0,3,0%,8.33
cdi acumulado abril 2026,0,3,0%,9
sgs 226 tr taxa referencial,0,3,0%,9
tr abril 2026 banco central taxa referencial,0,3,0%,9
cdi hoje abril 2026 percentual ao ano,0,3,0%,9.33
taxa tr atual 2026,0,3,0%,9.33
taxa referencial tr hoje maio 2026 valor,0,3,0%,9.67
cdi taxa anual abril 2026,0,3,0%,10
tr taxa referencial atual brasil 2026,0,3,0%,10
taxa cdi hoje abril 2026 percentual ao ano,0,3,0%,10.33
tr taxa referencial 2026 valor aproximado,0,3,0%,10.33
taxa cdi abril 2026 ao ano,0,3,0%,10.67
taxa cdi hoje brasil abril 2026,0,3,0%,10.67
incc m abril 2026,0,3,0%,11
taxa cdi anual atual abril 2026 brasil,0,3,0%,11.33
cdi abril 2026 taxa cdi abril 2026 brasil,0,3,0%,11.67
taxa cdi anualizada hoje abril 2026,0,3,0%,11.67
incc di acumulado 12 meses,0,3,0%,12.33
inpc atualizado hoje,0,3,0%,13
tabela incc di,0,3,0%,21.33
valor igpm,0,3,0%,44
taxa cdi hoje banco central,0,3,0%,45
igp di tabela,0,3,0%,46
inflacao hoje,0,3,0%,50.33
indice igpm,0,3,0%,51
valor da tr hoje,0,3,0%,51
igpm acumulado,0,3,0%,51.33
tabela igpm 2022,0,3,0%,51.67
inpc atual,0,3,0%,52
igpm acumulado 2022,0,3,0%,52.67
ipc-di,0,3,0%,53
indice do igpm,0,3,0%,54
taxa cdi hoje 2024,0,3,0%,54.67
igpm 2022,0,3,0%,55
cetip cdi acumulado,0,3,0%,57
igpm 2022 acumulado,0,3,0%,59
indice igp m,0,3,0%,59.33
selic hoje 2026,0,3,0%,59.33
tabela tr,0,3,0%,59.67
cdi hoje 2024,0,3,0%,60.67
taxa cdi 2024,0,3,0%,60.67
cdi tabela,0,3,0%,61
índice ipc-fipe,0,3,0%,61.33
cdi mensal hoje,0,3,0%,62
cdi hoje valor,0,3,0%,62.33
cdi junho,0,3,0%,62.67
cdi mensal banco central,0,3,0%,63.33
índice ipc fipe,0,3,0%,63.67
ipca e inpc,0,3,0%,64
taxa di ao ano,0,3,0%,64
taxa referencial 2024,0,3,0%,64
variação tr,0,3,0%,64.33
ipc da fipe,0,3,0%,64.67
selic tabela,0,3,0%,65.33
índice igp m,0,3,0%,65.33
tr mensal,0,3,0%,65.67
cdi 2020,0,3,0%,66.33
reajuste igpm 2026,0,3,0%,66.33
inpc 2022,0,3,0%,66.67
taxa atual cdi,0,3,0%,66.67
taxa cdi ao ano,0,3,0%,67.33
valor do cdi mensal,0,3,0%,67.67
ipca hoje valor,0,3,0%,68
valor taxa cdi,0,3,0%,68.67
valor selic hoje,0,3,0%,69
taxa ipca hoje,0,3,0%,69.33
indices ipca,0,3,0%,69.67
qual valor da tr,0,3,0%,69.67
quanto esta cdi,0,3,0%,70
cdi hoje taxa,0,3,0%,71
ipca mês a mês,0,3,0%,71.67
ipca igpm,0,3,0%,72
indice selic,0,3,0%,72.33
taxa de juros cdi,0,3,0%,72.33
inpc ou ipca,0,3,0%,73
tr juros,0,3,0%,73.33
índices de inflação,0,3,0%,73.67
juros selic hoje,0,3,0%,74
variação cdi,0,3,0%,74.33
qual a tr hoje,0,3,0%,75.33
valor inpc hoje,0,3,0%,75.67
taxa di atual,0,3,0%,76.33
quanto ta o cdi,0,3,0%,78
selic anual,0,3,0%,78.33
taxa selic hoje mensal,0,3,0%,79.33
taxa referencial tr,0,3,0%,85.33
indice igpdi,0,3,0%,89.67
índice inpc,0,3,0%,90.67
rendimento cdi mensal,0,3,0%,91
rendimento cdi hoje,0,3,0%,93
ecumenico,0,2,0%,1
cdi atual brasil abril 2026,0,2,0%,5
grafico incc,0,2,0%,6
taxa referencial tr atual maio 2026,0,2,0%,6
taxa tr atual maio 2026,0,2,0%,6.5
"taxa cdi 2026 14,9% ao ano",0,2,0%,7
tr hoje abril 2026 taxa referencial valor,0,2,0%,7
tr taxa referencial atual maio 2026 banco central,0,2,0%,7
selic cdi taxa atual abril 2026 brasil,0,2,0%,7.5
taxa cdi atual 2026,0,2,0%,7.5
"taxa cdi abril 2026 14,65% ao ano",0,2,0%,8
tr taxa referencial maio 2026 valor,0,2,0%,8
ipa acumulado,0,2,0%,8.5
"taxa cdi hoje abril 2026 14,9%",0,2,0%,8.5
"taxa cdi maio 2026 14,4% ao ano",0,2,0%,8.5
taxa referencial tr valor maio 2026,0,2,0%,8.5
taxa cdi abril 2026 anualizada,0,2,0%,9
taxa cdi anual abril 2026 brasil,0,2,0%,9
taxa cdi atual maio 2026 brasil,0,2,0%,9
"taxa cdi cetip 30/04/2026 14,40",0,2,0%,9
tr maio 2026 taxa referencial valor,0,2,0%,9
tr taxa referencial maio 2026 banco central,0,2,0%,9
valor atual taxa referencial tr brasil 2026,0,2,0%,9
cdi abril de 2026,0,2,0%,9.5
cdi hoje maio 2026 percentual ao ano,0,2,0%,9.5
qual o valor do cdi em abril de 2026,0,2,0%,9.5
"taxa cdi hoje abril 2026 10,65%",0,2,0%,9.5
taxa referencial tr maio 2026 acumulada mês,0,2,0%,9.5
"cdi abril 2026 14,65%",0,2,0%,10
"cdi acumulado 2020 2,76",0,2,0%,10
cdi hoje abril 2026 taxa anualizada,0,2,0%,10
cdi taxa abril 2026 brasil,0,2,0%,10
taxa cdi abril 2026 mensal,0,2,0%,10
taxa cdi abril 2026 percentual ao ano,0,2,0%,10
taxa selic acumulada abril 2026,0,2,0%,10
tr taxa referencial atual valor 2026,0,2,0%,10
"cetip cdi 2026 10,65",0,2,0%,10.5
cdi hoje taxa brasil 2026,0,2,0%,11
igpm 2026 tabela,0,2,0%,11
incc nos ultimos 10 anos,0,2,0%,11
tr mensal abril 2026 banco central,0,2,0%,11
cdi abril 2026 taxa anual brasil,0,2,0%,11.5
cdi abril 26,0,2,0%,11.5
indice de igpm abril 2026,0,2,0%,13
taxa cdi mensal abril 2026,0,2,0%,15
cdi mes de abril 2026,0,2,0%,20
igpm abril 2026,0,2,0%,24.5
ipca hj,0,2,0%,27.5
indicadores financeiros hoje,0,2,0%,37.5
igpm acumulado últimos 12 meses 2026,0,2,0%,38
incc 2026,0,2,0%,39.5
igp m tabela,0,2,0%,40.5
incc-m,0,2,0%,42
igp di acumulado 12 meses,0,2,0%,44
selic acumulada 12 meses,0,2,0%,44.5
cdi taxa atual brasil,0,2,0%,45.5
igp-10,0,2,0%,46
ipc hoje,0,2,0%,46
valor do incc m,0,2,0%,46.5
selic acumulado 12 meses,0,2,0%,47.5
cdi fevereiro,0,2,0%,48
igpm ultimos doze meses,0,2,0%,48.5
tr ultimos 12 meses,0,2,0%,48.5
igpm 2026,0,2,0%,49
cdi abril 2024,0,2,0%,49.5
igp di 12 meses,0,2,0%,49.5
cdi fevereiro 2025,0,2,0%,50
inflação hoje no brasil,0,2,0%,50
quanto está a tr hoje,0,2,0%,50
igpm março 2026,0,2,0%,50.5
indices fgv,0,2,0%,50.5
índice igpm,0,2,0%,51
cdi acumulado 2024,0,2,0%,52
cdi fevereiro 2024,0,2,0%,52
cdi atualizado hoje,0,2,0%,52.5
cdi novembro 2025,0,2,0%,54
tr acumulada,0,2,0%,54
cdi acumulado 2022,0,2,0%,54.5
cdi grafico,0,2,0%,55
cdi janeiro 2026,0,2,0%,55
ipca hpje,0,2,0%,55.5
tr histórico,0,2,0%,55.5
cdi 2025 acumulado,0,2,0%,56
cdi maio 2025,0,2,0%,57
cdi mensal histórico,0,2,0%,57
indices igpm,0,2,0%,57
ipca-e tabela,0,2,0%,57
taxa selic acumulada 12 meses,0,2,0%,57
tabela do igpm,0,2,0%,57.5
cdi histórico mensal,0,2,0%,58
correção da tr,0,2,0%,58
igpm acumulado 2026,0,2,0%,58
inpc acumulado hoje,0,2,0%,58.5
taxa tr atual,0,2,0%,58.5
quanto é a taxa referencial hoje,0,2,0%,59.5
cdi março 2025,0,2,0%,60
cdi taxa mensal brasil,0,2,0%,60.5
inpc 2021,0,2,0%,60.5
qual valor da taxa referencial hoje,0,2,0%,60.5
quanto ta valendo o cdi,0,2,0%,60.5
valor atual cdi,0,2,0%,60.5
cdi atualizado,0,2,0%,61
cdi março 2026,0,2,0%,61
inpc mes a mes,0,2,0%,61
valor cdi hoje 2025,0,2,0%,61
inflação brasil hoje,0,2,0%,61.5
qual valor da selic hoje,0,2,0%,61.5
cdi 2023,0,2,0%,63
cdi janeiro 2025,0,2,0%,63
tabela do ipca,0,2,0%,63
valor atual taxa selic,0,2,0%,63
cdi mensal 2025,0,2,0%,63.5
cdi taxa de juros,0,2,0%,64
igpm últimos 12 meses janeiro 2026,0,2,0%,64
inpc janeiro 2026,0,2,0%,64
taxa referencial atual,0,2,0%,64
cdi anual hoje,0,2,0%,64.5
valor do cdi atual,0,2,0%,64.5
cdi mensal 2024,0,2,0%,65
cotação cdi hoje,0,2,0%,65
inpc acumulado 2026,0,2,0%,65
indice cdi hoje,0,2,0%,65.5
taxa di ano,0,2,0%,66
taxa di cetip,0,2,0%,66
valor da taxa selic atual,0,2,0%,66
qual o valor do ipca,0,2,0%,66.5
qual é a taxa cdi hoje,0,2,0%,66.5
taxa de juros cdi hoje,0,2,0%,66.5
cdi taxa atual,0,2,0%,67
inpc maio,0,2,0%,67
qual é o ipca hoje,0,2,0%,67
taxa de juros selic acumulada mensalmente,0,2,0%,67
valor do inpc hoje,0,2,0%,67
taxa do cdi atual,0,2,0%,67.5
taxa tr 2025,0,2,0%,67.5
cdi hoje ao mes,0,2,0%,68
taxa atual da selic,0,2,0%,68
diferença entre inpc e ipca,0,2,0%,68.5
qual o valor da tr,0,2,0%,68.5
cdi taxa mensal,0,2,0%,69
grafico cdi,0,2,0%,69
juros cdi hoje,0,2,0%,69
tabela selic,0,2,0%,69
cdi hoje mensal,0,2,0%,69.5
tr março 2025,0,2,0%,69.5
indexador tr,0,2,0%,70
quanto esta a taxa cdi hoje,0,2,0%,70
cotação cdi,0,2,0%,70.5
juros do cdi hoje,0,2,0%,70.5
quanto está a taxa do cdi hoje,0,2,0%,70.5
cdi mes,0,2,0%,71
ipca indice,0,2,0%,71
taxa selic mes a mes,0,2,0%,71
valor cdi mensal,0,2,0%,71
índice igp-m,0,2,0%,71
índices econômicos,0,2,0%,71
cdi agora,0,2,0%,71.5
selic ao ano,0,2,0%,72
igpm acumulado janeiro 2026,0,2,0%,72.5
igpm de janeiro de 2026,0,2,0%,72.5
portalbrasil ipca,0,2,0%,73
indice incc di,0,2,0%,73.5
inpc agosto,0,2,0%,73.5
qual a taxa de cdi hoje,0,2,0%,73.5
qual cdi hoje,0,2,0%,73.5
qual o valor da taxa do cdi hoje,0,2,0%,74
quanto ta a taxa do cdi hoje,0,2,0%,74
indice fipe,0,2,0%,74.5
ipc di,0,2,0%,74.5
valor tr,0,2,0%,75
variação inpc,0,2,0%,75
tabela taxa selic,0,2,0%,75.5
indice ipca,0,2,0%,76
inpc e ipca,0,2,0%,76
selic 2022,0,2,0%,76
cdi oje,0,2,0%,76.5
qual a taxa do cdi,0,2,0%,77
taxa de juros selic,0,2,0%,77.5
cdi diário,0,2,0%,78
selic acumulado 2025,0,2,0%,78
inpc e ipca diferença,0,2,0%,79
portal brasil ipca,0,2,0%,80.5
taxa do cdi ao ano,0,2,0%,81
ipca e,0,2,0%,83
taxa selic anual,0,2,0%,87.5
selic 2024,0,2,0%,89
inccm,0,1,0%,1
cdi acumulado 12 meses 2026,0,1,0%,3
"taxa cdi abril 2025 10,65",0,1,0%,3
taxa cdi mensal atual 2026,0,1,0%,4
tr taxa referencial 2026 valor,0,1,0%,4
"cdi abril 2026 14,65% ao ano",0,1,0%,5
tr taxa referencial atual maio 2026,0,1,0%,5
"cdi anualizado abril 2026 14,65%",0,1,0%,6
incc media ultimos 10 anos,0,1,0%,6
cdi acumulado 2026 taxa atual brasil,0,1,0%,7
cdi taxa atual brasil abril 2026,0,1,0%,7
imagens,0,1,0%,7
taxa cdi acumulada abril 2026 brasil,0,1,0%,7
taxa referencial tr atual 2026 banco central abril 2026,0,1,0%,7
taxa tr atual maio 2026 brasil,0,1,0%,7
tr taxa referencial abril 2026,0,1,0%,7
tr taxa referencial valor atual maio 2026,0,1,0%,7
cdi abril 2026 taxa anualizada,0,1,0%,8
"cdi hoje maio 2026 14,4% ao ano",0,1,0%,8
sgs 4390 taxa selic acumulada no mês,0,1,0%,8
taxa cdi anualizada hoje 2026,0,1,0%,8
taxa cdi atual abril 2026,0,1,0%,8
"b3 taxa cdi cetip 30/04/2026 14,40",0,1,0%,9
banco central cdi 2026 taxa,0,1,0%,9
banco central tr taxa referencial maio 2026,0,1,0%,9
bcb sgs 433 ipca variação mensal,0,1,0%,9
"cdi acumulado 2020 2,76%",0,1,0%,9
cdi current brazil 2026,0,1,0%,9
"cdi hoje 14,65% abril 2026",0,1,0%,9
"cdi hoje maio 2026 14,40%",0,1,0%,9
cdi mensal abril 2026,0,1,0%,9
cdi taxa atual 2026 brasil,0,1,0%,9
qual o cdi de abril 2026,0,1,0%,9
sim,0,1,0%,9
taxa referencial tr atual maio 2026 banco central,0,1,0%,9
tr acumulada 12 meses maio 2026 taxa referencial,0,1,0%,9
tr taxa referencial atual 2026 banco central,0,1,0%,9
índice de igpm de abril 2026,0,1,0%,9
bcb sgs série 433 ipca variação mensal,0,1,0%,10
cdi abril 2026 brasil taxa cdi abril 2026,0,1,0%,10
cdi abril 2026 taxa,0,1,0%,10
cdi acumulado 2026 taxa atual brasil maio 2026,0,1,0%,10
cdi acumulado últimos 6 meses 2026,0,1,0%,10
cdi hoje abril 2026,0,1,0%,10
"cdi hoje abril 2026 14,65% a.a.",0,1,0%,10
cdi selic atual maio 2026 brasil,0,1,0%,10
igp-m abril 2026,0,1,0%,10
inpc abril 2026 brasil,0,1,0%,10
principais indicadores econômicos brasil hoje,0,1,0%,10
rendimento cdi abril 2026,0,1,0%,10
sgs 433 ipca mensal,0,1,0%,10
"taxa cdi 10,65% ao ano fevereiro 2026",0,1,0%,10
taxa cdi anualizada abril 2026,0,1,0%,10
taxa cdi selic atual brasil maio 2026,0,1,0%,10
taxa referencial abril 2026 bcb,0,1,0%,10
tr taxa referencial hoje maio 2026 valor,0,1,0%,10
banco central sgs série 433 ipca variação mensal,0,1,0%,11
"brasilindicadores cdi 2026 14,9",0,1,0%,11
cdi 2026 15% ao ano,0,1,0%,11
cdi 2026 taxa anual abril 2026,0,1,0%,11
cdi abril 2026 taxa anual 2026,0,1,0%,11
cdi anual atual abril 2026 brasil,0,1,0%,11
cdi hoje abril 2026 brasil,0,1,0%,11
cdi hoje abril 2026 taxa cdi brasil,0,1,0%,11
"igp-m abril 2026 acumulado 12 meses 0,61%",0,1,0%,11
igpm mes de maio 2026,0,1,0%,11
indicadores econômicos brasil hoje,0,1,0%,11
"taxa cdi 2026 10,65% ao ano",0,1,0%,11
"taxa cdi anualizada abril 2026 14,65%",0,1,0%,11
taxa cdi atual 2026 brasil,0,1,0%,11
taxa referencial tr 2026 abril valor,0,1,0%,11
taxa referencial tr abril 2026 acumulada mês,0,1,0%,11
cdi acumulado taxa atual brasil 2026,0,1,0%,12
cdi anual atual brasil abril 2026,0,1,0%,12
cdi atual maio 2026 brasil,0,1,0%,12
cdi hoje taxa brasil 2026 cdi atual percentual,0,1,0%,12
historico incc ultimos 10 anos,0,1,0%,12
"taxa cdi hoje 2026 14,65",0,1,0%,12
"taxa cdi hoje abril 2026 14,65%",0,1,0%,12
"taxa cdi hoje abril 2026 14,7% ao ano",0,1,0%,12
taxa cdi hoje anualizada abril 2026,0,1,0%,12
igpm mes a mes 2026,0,1,0%,13
incc-di acumulado 12 meses,0,1,0%,13
inpc acumulado 2021,0,1,0%,13
ipa-di,0,1,0%,13
ipc fipe ultimos 12 meses,0,1,0%,13
ipc-m,0,1,0%,13
ipca mes abril 2026,0,1,0%,13
ipcm acumulado,0,1,0%,13
tabela igp-di acumulado,0,1,0%,13
variação do igpm,0,1,0%,15
imagem,0,1,0%,17
valor atual da tr,0,1,0%,19
cdi acumulado 36 meses,0,1,0%,24
cdi hoje grafico,0,1,0%,27
cdi ultimo ano,0,1,0%,29
indice igpm maio 2026,0,1,0%,30
inpc tabela 2026,0,1,0%,32
bcb cdi diario,0,1,0%,33
cdi maio 2026,0,1,0%,34
igp-di fgv,0,1,0%,35
igpm 2010,0,1,0%,36
fgv indices,0,1,0%,38
serie historica cdi,0,1,0%,38
igp-m atual,0,1,0%,39
selic 2014,0,1,0%,39
cdi hoje banco central,0,1,0%,40
ipca 2016,0,1,0%,40
tr acumulada 12 meses,0,1,0%,40
historico tr,0,1,0%,41
igp m hoje,0,1,0%,41
atualização cdi,0,1,0%,42
igp-di acumulado 2025,0,1,0%,43
igp-m ultimos 12 meses,0,1,0%,43
igpm ultimos 12 meses,0,1,0%,44
igpm ano,0,1,0%,45
acumulado selic,0,1,0%,46
igp m fgv tabela,0,1,0%,46
igpm 2018,0,1,0%,46
igpm jan,0,1,0%,46
igpm tabela,0,1,0%,46
inpc ibge tabela,0,1,0%,46
selic ultimos 12 meses,0,1,0%,46
inflação da construção civil,0,1,0%,47
quanto está o igpm hoje,0,1,0%,47
t.r hoje,0,1,0%,47
valor do igpm anual,0,1,0%,47
cdi histórico gráfico,0,1,0%,48
incc fevereiro 2026,0,1,0%,48
juros ipca hoje,0,1,0%,48
valor tr hoje,0,1,0%,48
igp-m 12 meses,0,1,0%,49
igpm oficial,0,1,0%,49
tabela acumulado igpm,0,1,0%,49
tabela de índices econômicos acumulados,0,1,0%,49
tabela inpc acumulado,0,1,0%,49
tr 12 meses,0,1,0%,49
igp m acumulado 12 meses,0,1,0%,50
igpm hoje acumulado,0,1,0%,50
valor do igpm,0,1,0%,50
cdi mês a mês 2025,0,1,0%,51
igp m ultimos doze meses,0,1,0%,51
cdi acumulado 12 meses,0,1,0%,52
cdi dezembro 2023,0,1,0%,52
cdi taxa anual brasil atual,0,1,0%,52
igpm valor,0,1,0%,52
inflação hj,0,1,0%,52
valor taxa referencial hoje,0,1,0%,52
cdi fevereiro 2026,0,1,0%,53
cdi março,0,1,0%,53
inpc ipca,0,1,0%,53
ipca 15 hoje,0,1,0%,53
qual a taxa tr hoje,0,1,0%,53
qual o igpm acumulado dos últimos 12 meses,0,1,0%,53
selic acumulada 2024,0,1,0%,53
taxa cdi historico,0,1,0%,53
índice igpm 2026,0,1,0%,53
acumulado igpm ultimos 12 meses,0,1,0%,54
cdi agosto,0,1,0%,54
cdi dezembro 2025,0,1,0%,54
indice acumulado igpm,0,1,0%,54
indice igmp,0,1,0%,54
inpc 12 meses,0,1,0%,54
inpc tabela,0,1,0%,54
quanto é a tr hoje,0,1,0%,54
tr de maio,0,1,0%,54
cdi atual brasil,0,1,0%,55
cdi últimos 12 meses,0,1,0%,55
tabela cdi 2025,0,1,0%,55
tabela do igpm anual,0,1,0%,55
80 do cdi hoje,0,1,0%,56
cdi dezembro,0,1,0%,56
cdi julho,0,1,0%,56
historico do cdi,0,1,0%,56
indice igpm 2026,0,1,0%,56
quanto esta a tr hoje,0,1,0%,56
tabela igpm fgv,0,1,0%,56
taxa cetip diaria,0,1,0%,56
taxa referencial histórico,0,1,0%,56
tr anual hoje,0,1,0%,56
valor atual da selic,0,1,0%,56
valor atual do cdi,0,1,0%,56
cdi acumulado 2023,0,1,0%,57
cdi maio 2024,0,1,0%,57
cdi nos ultimos 12 meses,0,1,0%,57
histórico cdi mensal,0,1,0%,57
igpm acumulado nos últimos doze meses,0,1,0%,57
igpm últimos 12 meses 2026,0,1,0%,57
inpc abril,0,1,0%,57
ipc-fipe,0,1,0%,57
ipca inpc,0,1,0%,57
tabela do cdi,0,1,0%,57
taxa selic fevereiro,0,1,0%,57
valor atual selic,0,1,0%,57
historico inpc,0,1,0%,58
igpm índice,0,1,0%,58
quanto esta a tr,0,1,0%,58
quanto está a tr,0,1,0%,58
selic acumulado mensal,0,1,0%,58
tabela indice ipca,0,1,0%,58
tr atual,0,1,0%,58
tr diária,0,1,0%,58
a inflação no brasil hoje,0,1,0%,59
cdi ao mes hoje,0,1,0%,59
cdi cetip mensal,0,1,0%,59
cdi janeiro,0,1,0%,59
cdi ultimo mes,0,1,0%,59
inpc 2026,0,1,0%,59
qual é a inflação do brasil hoje,0,1,0%,59
quanto esta o ipca,0,1,0%,59
serie historica selic,0,1,0%,59
valor igpm 2025,0,1,0%,59
índice igpdi,0,1,0%,59
cdi diario historico,0,1,0%,60
igpdi 12 meses,0,1,0%,60
qual valor da tr hoje,0,1,0%,60
tabela cdi mensal,0,1,0%,60
igp - di,0,1,0%,61
inpc acumulado 12 meses 2026,0,1,0%,61
ipca março,0,1,0%,61
quanto está valendo o cdi hoje,0,1,0%,61
taxa selic acumulada mensalmente,0,1,0%,61
taxa selic histórico gráfico,0,1,0%,61
valor da cdi hoje,0,1,0%,61
variação igpm,0,1,0%,61
cdi brasil hoje,0,1,0%,62
indice inpc 2022,0,1,0%,62
inpc acumulado 12 meses 2025,0,1,0%,62
inpc de fevereiro 2026,0,1,0%,62
portal de finanças igpm,0,1,0%,62
qual valor do cdi 2025,0,1,0%,62
quanto está o cdi atualmente,0,1,0%,62
selic grafico,0,1,0%,62
selic taxa atual,0,1,0%,62
selic valor atual,0,1,0%,62
tabela selic receita federal,0,1,0%,62
taxa cdi diaria,0,1,0%,62
valor do ipca,0,1,0%,62
cdi acumulado hoje,0,1,0%,63
cdi ao mês hoje,0,1,0%,63
cdi cotação,0,1,0%,63
cdi hoje 2023,0,1,0%,63
selic acumulada mensal,0,1,0%,63
selic acumulada mensalmente,0,1,0%,63
selic hoje,0,1,0%,63
tabela de ipca,0,1,0%,63
taxa cdi 2025,0,1,0%,63
taxa cdi acumulada,0,1,0%,63
taxa diaria cdi,0,1,0%,63
grafico selic historico,0,1,0%,64
inpc dos últimos 12 meses,0,1,0%,64
ipca e tabela,0,1,0%,64
juros selic acumulado,0,1,0%,64
qual o valor do cdi atualmente,0,1,0%,64
quanto está o ipca,0,1,0%,64
selic 2016,0,1,0%,64
selic do mês,0,1,0%,64
selic mês a mês,0,1,0%,64
tabela índice ipca,0,1,0%,64
taxa cdi brasil,0,1,0%,64
taxa cdi hoje 2025,0,1,0%,64
taxa cdi mes,0,1,0%,64
taxa da tr hoje,0,1,0%,64
valor cdi atual,0,1,0%,64
valor do cdi hoje 2025,0,1,0%,64
variação da tr,0,1,0%,64
cdi em 2024,0,1,0%,65
cdi hoje brasil,0,1,0%,65
cdi hoje mes,0,1,0%,65
cetip cdi,0,1,0%,65
historico selic brasil,0,1,0%,65
inflação do brasil hoje,0,1,0%,65
percentual do cdi hoje,0,1,0%,65
qual cdi atual,0,1,0%,65
qual o valor do inpc hoje,0,1,0%,65
qual é a taxa do cdi hoje,0,1,0%,65
quantos está o cdi hoje,0,1,0%,65
taxa di hj,0,1,0%,65
cdi maio,0,1,0%,66
composição do igp m,0,1,0%,66
consulta cdi,0,1,0%,66
indice reajuste igpm,0,1,0%,66
percentual cdi hoje,0,1,0%,66
qual o cdi hoje,0,1,0%,66
quanto esta o cdi hoje,0,1,0%,66
quanto está a cdi hoje,0,1,0%,66
índices selic,0,1,0%,66
atual taxa selic,0,1,0%,67
cdi 2026,0,1,0%,67
cdi agosto 2024,0,1,0%,67
cdi ao ano,0,1,0%,67
cdi cetip diario,0,1,0%,67
cdi de hoje,0,1,0%,67
cdi do dia,0,1,0%,67
cdi hoje b3,0,1,0%,67
inpc julho,0,1,0%,67
inpc ou igpm,0,1,0%,67
ipca mensal,0,1,0%,67
ipca mes,0,1,0%,67
qual taxa cdi hoje,0,1,0%,67
quanto esta a cdi,0,1,0%,67
quanto está a taxa cdi hoje,0,1,0%,67
quanto está valendo o cdi,0,1,0%,67
quanto é a selic hoje,0,1,0%,67
quanto é o ipca,0,1,0%,67
taxa atual do cdi,0,1,0%,67
taxa cdi julho 2025,0,1,0%,67
taxa do cdi de hoje,0,1,0%,67
valor do cdi de hoje,0,1,0%,67
cdi diário hoje,0,1,0%,68
cdi setembro 2024,0,1,0%,68
grafico selic,0,1,0%,68
gráfico selic,0,1,0%,68
indice ipcae,0,1,0%,68
indices financeiros igp m,0,1,0%,68
inpc fevereiro 2026,0,1,0%,68
inpc mês a mês,0,1,0%,68
qual taxa do cdi hoje,0,1,0%,68
taxa cdi ano,0,1,0%,68
valor atual da taxa selic,0,1,0%,68
cotação do cdi hoje,0,1,0%,69
igpm ou inpc,0,1,0%,69
indices oficiais de inflação,0,1,0%,69
inflação inpc,0,1,0%,69
inpc março 2026,0,1,0%,69
quanto ta a cdi hoje,0,1,0%,69
quanto ta o cdi hj,0,1,0%,69
quantos esta o cdi hoje,0,1,0%,69
taxa mensal do cdi,0,1,0%,69
taxa selic abril 2025,0,1,0%,69
taxa selic atualizada,0,1,0%,69
valor da taxa cdi,0,1,0%,69
valor taxa selic atual,0,1,0%,69
composição igpm,0,1,0%,70
indice de preços da construção civil,0,1,0%,70
qual a taxa selic atual,0,1,0%,70
qual o valor do cdi hj,0,1,0%,70
qual valor cdi hoje,0,1,0%,70
quanto esta o cdi ao mes,0,1,0%,70
quanto esta o valor do cdi hoje,0,1,0%,70
quanto é o valor do cdi hoje,0,1,0%,70
selic gráfico,0,1,0%,70
taxa do cdi hj,0,1,0%,70
taxa do cdi mensal,0,1,0%,70
taxa selic 2017,0,1,0%,70
taxa selic acumulada 2025,0,1,0%,70
valor da taxa cdi hoje,0,1,0%,70
cdi e selic hoje,0,1,0%,71
evolucao selic,0,1,0%,71
quanto vale cdi hoje,0,1,0%,71
quanto é o cdi hoje,0,1,0%,71
taxa cdi over,0,1,0%,71
taxa mensal cdi,0,1,0%,71
taxa selic em 2017,0,1,0%,71
valor taxa cdi hoje,0,1,0%,71
qual a taxa cdi de hoje,0,1,0%,72
qual o juros do cdi hoje,0,1,0%,72
qual o valor do ipca hoje,0,1,0%,72
selic 2017,0,1,0%,72
selic ultimos anos,0,1,0%,72
valor da taxa selic,0,1,0%,72
cdi acumulado / cdi taxa mensal,0,1,0%,73
cdi junho 2024,0,1,0%,73
cdi por mes,0,1,0%,73
indice de ipca,0,1,0%,73
juros da selic,0,1,0%,73
qual a taxa di hoje,0,1,0%,73
quanto está a taxa do cdi,0,1,0%,73
quanto tá o cdi hoje,0,1,0%,73
taxa cdi ao mes,0,1,0%,73
taxa selic em 2018,0,1,0%,73
índice do ipca,0,1,0%,73
índice geral de preços,0,1,0%,73
cdi atualmente,0,1,0%,74
cdi brasil taxa,0,1,0%,74
cdi cetip,0,1,0%,74
data tr,0,1,0%,74
indice ipca hoje,0,1,0%,74
inpc 2023,0,1,0%,74
inpc x ipca,0,1,0%,74
ipca abril 2026,0,1,0%,74
valor da selic,0,1,0%,74
cdi 2019,0,1,0%,75
igpm março 2025 acumulado,0,1,0%,75
indice do ipca,0,1,0%,75
indices inpc,0,1,0%,75
qual a taxa atual do cdi,0,1,0%,75
quanto é a taxa do cdi,0,1,0%,75
selic ano,0,1,0%,75
taxa referencial mensal,0,1,0%,75
taxa selic histórico anual,0,1,0%,75
evolucao taxa selic,0,1,0%,76
inpc hj,0,1,0%,76
ipca portal brasil,0,1,0%,76
qual é o valor do cdi,0,1,0%,76
quanto tá o cdi,0,1,0%,76
valor do ipca hoje,0,1,0%,76
ipca e igpm,0,1,0%,77
qual o valor do inpc,0,1,0%,77
qual valor cdi,0,1,0%,77
taxa da selic atual,0,1,0%,77
cdi dia,0,1,0%,78
indice igpm janeiro 2026,0,1,0%,78
ipca e ipca e,0,1,0%,78
ipca e ipca-e,0,1,0%,78
qual o índice do ipca,0,1,0%,78
qual valor do cdi,0,1,0%,78
quanto ta cdi hoje,0,1,0%,78
taxa di anual,0,1,0%,78
inpc anual,0,1,0%,79
inpc valor,0,1,0%,79
ipca ou inpc,0,1,0%,79
porcentagem do cdi hoje,0,1,0%,79
quanto ta a taxa cdi,0,1,0%,79
taxa do cdi anual,0,1,0%,79
evolução da taxa selic,0,1,0%,80
evolução taxa selic,0,1,0%,80
indice ipc,0,1,0%,80
ipca março 2022,0,1,0%,80
juros tr,0,1,0%,80
qual o indice do ipca,0,1,0%,80
qual é a taxa do cdi,0,1,0%,80
taxa selic 2018,0,1,0%,81
qual a taxa cdi,0,1,0%,82
cdi preço,0,1,0%,83
selic em 2022,0,1,0%,83
inflacao hj,0,1,0%,84
taxa da tr,0,1,0%,84
variação do cdi,0,1,0%,84
juros do cdi,0,1,0%,85
selic março 2025,0,1,0%,85
selic setembro 2025,0,1,0%,85
tr taxa,0,1,0%,85
cdi dezembro 2024,0,1,0%,86
selic janeiro 2026,0,1,0%,86
taxa de juros selic anual,0,1,0%,86
tr taxa referencial,0,1,0%,88
selic mensal 2025,0,1,0%,89
taxa referencial anual,0,1,0%,90
taxa selic março 2025,0,1,0%,92
tr taxa referencial hoje,0,1,0%,92
selic acumulada tabela,0,1,0%,93
cdi anual,0,1,0%,94
cdi histórico,0,1,0%,95
taxa selic dezembro 2025,0,1,0%,100